ID,first_name,last_name,gender,creditID,email,phoneNum,address,city,state,latitude,longitude
5428,Akim,Parradye,Male,001,aparradye0@freewebs.com,,6 Bunting Junction,Louisville,Kentucky,38.189,-85.6768
5429,Artemis,Gurys,Male,002,agurys1@storify.com,,28140 Bellgrove Place,Indianapolis,Indiana,39.8726,-86.2768
5430,Elvin,McClancy,Male,001,emcclancy2@instagram.com,(202) 4618251,881 Rigney Park,Washington,District of Columbia,38.892,-77.0452
5431,Kizzie,Heggman,Female,004,kheggman3@bizjournals.com,,3 Summer Ridge Center,Atlanta,Georgia,33.786,-84.3514
5432,Alfonso,Ralphs,Male,004,aralphs4@meetup.com,(219) 7528098,15 West Junction,Gary,Indiana,41.5878,-87.4062
5433,Judi,Camerana,Female,001,jcamerana5@vinaora.com,(562) 9738488,3 Wayridge Plaza,Whittier,California,33.9413,-118.0356
5434,Catharine,Horley,Female,003,chorley6@salon.com,(202) 4587543,,Washington,District of Columbia,38.8992,-77.0089
5435,Toddie,MacMeeking,Male,004,tmacmeeking7@qq.com,,25 Golden Leaf Circle,Birmingham,Alabama,33.3813,-86.7046
5436,Field,Whorall,I Do Not Wish to Answer,004,fwhorall8@1688.com,(410) 7361678,011 Ilene Place,Laurel,Maryland,38.8336,-76.8777
5437,Teriann,Rocca,Female,004,trocca9@godaddy.com,(202) 1445483,0 Norway Maple Circle,Washington,District of Columbia,38.945,-77.0364
5438,Lefty,Lievesley,Male,004,llievesleya@163.com,(404) 6985595,47573 Garrison Pass,Atlanta,Georgia,33.8444,-84.474
5439,Dredi,Bischof,Female,003,dbischofb@japanpost.jp,(602) 6871178,6911 Independence Alley,Chandler,Arizona,33.2765,-112.1872
5440,Rhonda,Riddeough,Female,005,rriddeoughc@dyndns.org,(202) 1212066,6 Sachtjen Hill,Laurel,Maryland,38.8336,-76.8777
5441,Rosabelle,Corton,Female,003,rcortond@delicious.com,,80 Merrick Circle,Winston Salem,North Carolina,36.144,-80.2376
5442,Celeste,Ballard,Female,005,cballarde@sfgate.com,(217) 1553923,10436 Forster Hill,Springfield,Illinois,39.7495,-89.606
5443,Jeffy,Pestor,Male,005,jpestorf@chicagotribune.com,(915) 1978578,483 Schiller Park,El Paso,Texas,31.7674,-106.4304
5444,Cozmo,Featherstonhaugh,Male,001,,(361) 9712768,179 Del Sol Court,Corpus Christi,Texas,27.8458,-97.596
5445,Carl,Kearley,Non-binary,005,,(215) 8638052,638 Hayes Pass,Philadelphia,Pennsylvania,40.0018,-75.1179
5446,Kikelia,Unthank,I Do Not Wish to Answer,002,kunthanki@businessweek.com,(785) 1202850,17 Merrick Court,Topeka,Kansas,39.1271,-95.6384
5447,Jacklin,Giovannelli,Female,004,jgiovannellij@wikispaces.com,,54780 Tennessee Avenue,Jacksonville,Florida,30.287,-81.3893
5448,Lolly,Caurah,Female,002,lcaurahk@sciencedaily.com,(719) 2893473,58 Ridgeview Lane,Colorado Springs,Colorado,38.8289,-104.5269
5449,Anabel,McGray,Female,003,amcgrayl@bluehost.com,(763) 8302546,75465 Village Green Road,Minneapolis,Minnesota,45.0058,-93.4193
5450,Honoria,Caw,Female,002,hcawm@rambler.ru,(513) 9452451,14480 Arrowood Crossing,Cincinnati,Ohio,39.1696,-84.5478
5451,Sander,Barth,Male,001,sbarthn@salon.com,,3379 Derek Hill,Springfield,Illinois,39.7495,-89.606
5452,Trula,Breede,Female,005,tbreedeo@amazon.com,,94 Northridge Point,Fort Smith,Arkansas,35.2502,-94.3703
5453,Jolyn,Longina,Female,002,jlonginap@mashable.com,,1715 Old Gate Place,Tampa,Florida,27.872,-82.4388
5454,Chadd,Smeall,Non-binary,001,csmeallq@chronoengine.com,(772) 1507090,3002 Riverside Road,Fort Pierce,Florida,27.4049,-80.3623
5455,Estella,MacDearmaid,Female,005,emacdearmaidr@wsj.com,(309) 6836906,17698 Rigney Street,Peoria,Illinois,40.7442,-89.7184
5456,Joachim,Luetchford,Male,003,jluetchfords@networkadvertising.org,(727) 5193189,50620 Fordem Junction,Largo,Florida,27.881,-82.7619
5457,Randolf,Hallsworth,Male,002,rhallswortht@livejournal.com,,0046 Boyd Terrace,Riverside,California,33.9228,-117.4867
5458,Way,Cristofalo,Male,004,wcristofalou@squarespace.com,(515) 2193880,80151 Anzinger Drive,Des Moines,Iowa,41.6255,-93.6736
5459,Gilbert,Scurrer,Male,001,gscurrerv@youtu.be,(518) 8208001,5 Badeau Parkway,Albany,New York,42.6149,-73.9708
5460,Elisha,Laurie,Female,004,elauriew@sun.com,,97052 Fisk Center,Long Beach,California,33.7678,-118.1994
5461,Darbee,Brunet,Male,003,dbrunetx@yellowbook.com,(214) 2570287,92914 Hayes Crossing,Dallas,Texas,32.7673,-96.7776
5462,Neall,Frye,Male,001,nfryey@over-blog.com,(352) 2147787,33475 Sherman Alley,Ocala,Florida,29.1565,-82.2095
5463,Balduin,Shoubridge,Non-binary,002,bshoubridgez@sakura.ne.jp,(202) 3815796,040 Valley Edge Drive,Washington,District of Columbia,38.8976,-77.027
5464,Derick,Monksfield,Male,004,dmonksfield10@geocities.com,(503) 9286232,9030 Dayton Crossing,Portland,Oregon,45.484,-122.5973
5465,Kayne,Reuven,Male,003,kreuven11@gravatar.com,(916) 1773764,07 Westport Trail,Sacramento,California,38.3774,-121.4444
5466,Drusilla,Pharro,Female,004,dpharro12@gov.uk,(209) 8659574,544 Rowland Parkway,Stockton,California,37.9577,-121.2897
5467,Robinia,Downer,Female,001,,(314) 8088831,3538 Mockingbird Parkway,Saint Louis,Missouri,38.6383,-90.4271
5468,Burl,McVicar,Non-binary,002,bmcvicar14@instagram.com,(858) 8443092,8866 Warbler Plaza,Orange,California,33.7867,-117.8742
5469,Abbey,Holtaway,Non-binary,005,aholtaway15@stumbleupon.com,(682) 5090290,52 Stone Corner Crossing,Fort Worth,Texas,32.7714,-97.2915
5470,Jarret,Scrimshire,Male,003,jscrimshire16@upenn.edu,(508) 7750096,242 Eagle Crest Lane,Cambridge,Massachusetts,42.362,-71.083
5471,Christen,Closs,Female,001,ccloss17@fotki.com,(919) 6744752,5045 Doe Crossing Drive,Durham,North Carolina,36.0512,-78.8577
5472,Annie,Srawley,Female,004,asrawley18@shutterfly.com,(208) 8122705,6 Browning Place,Boise,Idaho,43.5345,-115.9711
5473,Caitlin,Grogona,Female,001,cgrogona19@bigcartel.com,(831) 4716441,47 Sugar Center,Salinas,California,36.7563,-121.6703
5474,Carlye,Yarn,Female,004,,(757) 6014168,5 Brickson Park Road,Virginia Beach,Virginia,36.8282,-76.0237
5475,Kamilah,McKerton,Female,001,kmckerton1b@japanpost.jp,(913) 7122370,0 Badeau Alley,Shawnee Mission,Kansas,38.9273,-94.7143
5476,Doralynne,Tipling,Female,002,dtipling1c@squidoo.com,(508) 8021650,4279 Schlimgen Junction,Brockton,Massachusetts,41.9705,-70.7014
5477,Yvor,Symper,Male,004,ysymper1d@mozilla.org,(302) 1383652,7164 Armistice Way,Wilmington,Delaware,39.5645,-75.597
5478,Avrom,Benda,Non-binary,005,abenda1e@geocities.jp,,5095 Browning Circle,Hyattsville,Maryland,38.9513,-76.8958
5479,Marthe,Begin,Female,004,,(206) 8325531,7 Garrison Center,Seattle,Washington,47.4323,-121.8034
5480,Darline,Been,Female,005,dbeen1g@elpais.com,(571) 7068226,03728 Anhalt Lane,Alexandria,Virginia,38.8158,-77.09
5481,Blondell,Nazer,Female,005,bnazer1h@gmpg.org,(361) 5514022,7046 Ramsey Place,Corpus Christi,Texas,27.777,-97.4632
5482,Shara,Peeke-Vout,Female,001,speekevout1i@irs.gov,(952) 2530300,3212 Clove Street,Young America,Minnesota,44.8055,-93.7665
5483,Lucio,Joncic,Male,001,ljoncic1j@1688.com,(503) 8550004,51 Saint Paul Pass,Portland,Oregon,45.5483,-122.8276
5484,Isidor,Westmorland,Male,001,iwestmorland1k@example.com,(716) 5712723,74014 Stuart Drive,Buffalo,New York,42.7684,-78.8871
5485,Neal,Graveston,Male,004,ngraveston1l@aol.com,,2 Charing Cross Alley,Charlotte,North Carolina,35.26,-80.8042
5486,Ber,Purser,Male,005,bpurser1m@discuz.net,(916) 5404257,21 Dapin Place,Sacramento,California,38.5816,-121.4933
5487,Vere,Massot,Female,002,vmassot1n@wikia.com,(513) 4931671,4 Rutledge Parkway,Cincinnati,Ohio,39.1075,-84.5257
5488,Smitty,Boldero,Male,004,sboldero1o@rediff.com,(209) 4845915,42 Hoffman Way,Fresno,California,36.7949,-119.7604
5489,Aurie,Sherrard,Female,005,asherrard1p@edublogs.org,(757) 4938611,431 Bultman Trail,Virginia Beach,Virginia,36.9216,-76.0171
5490,Grange,Lyman,I Do Not Wish to Answer,001,glyman1q@naver.com,(303) 8342361,14 Continental Place,Denver,Colorado,39.731,-104.9384
5491,Eadmund,MacKey,Male,001,emackey1r@wordpress.com,(850) 9063273,09825 Moose Avenue,Pensacola,Florida,30.4756,-87.3179
5492,Ricky,Stollenbecker,Female,004,rstollenbecker1s@creativecommons.org,(206) 7558606,94282 Norway Maple Trail,Kent,Washington,47.368,-122.1206
5493,Herbie,Gillyatt,Male,005,hgillyatt1t@dyndns.org,(304) 5667109,209 Springview Park,Huntington,West Virginia,38.4134,-82.2774
5494,Nissie,Lubomirski,Female,002,nlubomirski1u@un.org,(904) 4336097,0992 Summit Road,Jacksonville,Florida,30.3189,-81.6854
5495,Damaris,Habeshaw,Female,002,dhabeshaw1v@constantcontact.com,(915) 6717223,9832 North Pass,El Paso,Texas,31.6948,-106.3
5496,Elmore,Linforth,Male,005,elinforth1w@slideshare.net,(215) 6530793,82853 Atwood Lane,Philadelphia,Pennsylvania,39.9845,-75.2282
5497,Ly,Roseveare,Male,004,lroseveare1x@ucoz.ru,(718) 9957634,,Brooklyn,New York,40.6794,-74.0014
5498,Liva,Minchi,Female,004,lminchi1y@businessinsider.com,(513) 5552318,84140 Jenna Hill,Cincinnati,Ohio,39.2692,-84.3307
5499,Salmon,Tsar,Male,002,stsar1z@abc.net.au,(405) 2512855,74 Buena Vista Plaza,Oklahoma City,Oklahoma,35.5514,-97.4075
5500,Angie,Sayles,Female,003,asayles20@wsj.com,(260) 3779942,867 Continental Drive,Fort Wayne,Indiana,41.0938,-85.0707
5501,Huberto,Gillino,Male,003,,(512) 6727959,287 Starling Street,Austin,Texas,30.3264,-97.7713
5502,Kendricks,Dosedale,Male,003,kdosedale22@hostgator.com,(404) 7924921,8 Fallview Drive,Duluth,Georgia,34.0047,-84.1532
5503,Judie,Mendenhall,Female,005,jmendenhall23@sciencedaily.com,,0984 Comanche Place,Saint Louis,Missouri,38.6531,-90.2435
5504,Ekaterina,Paddison,Female,004,,,8 Morrow Hill,Atlanta,Georgia,33.723,-84.4702
5505,Talyah,Willerton,Female,002,twillerton25@skype.com,(215) 5044208,4 Scott Place,Philadelphia,Pennsylvania,40.0018,-75.1179
5506,Egbert,Desseine,Male,005,edesseine26@altervista.org,(863) 1408329,94540 Delaware Street,Lakeland,Florida,28.072,-81.9609
5507,Moina,Chevin,Female,003,mchevin27@rambler.ru,(239) 2495135,3 Tennyson Street,Fort Myers,Florida,26.5228,-81.7065
5508,Clywd,Wegman,Male,005,,(479) 4400214,39 Sage Place,Fort Smith,Arkansas,35.2502,-94.3703
5509,Jephthah,Youens,I Do Not Wish to Answer,002,jyouens29@yelp.com,(586) 5446531,789 Pleasure Road,Detroit,Michigan,42.3809,-83.0409
5510,Hetty,Shmyr,Female,003,hshmyr2a@discovery.com,(717) 1538720,93 Jana Park,Lancaster,Pennsylvania,40.0418,-76.3012
5511,Gian,Every,Male,002,gevery2b@ycombinator.com,(520) 1613842,94 Main Trail,Tucson,Arizona,32.0848,-110.7122
5512,Elnar,Delgua,Male,005,edelgua2c@fema.gov,(716) 5888299,22 Green Ridge Parkway,Buffalo,New York,42.8441,-78.8182
5513,Hershel,Gorgen,Male,002,hgorgen2d@twitter.com,,6 Corscot Parkway,Annapolis,Maryland,39.0305,-76.5515
5514,Vin,Gudyer,Male,004,vgudyer2e@aboutads.info,,8 Arkansas Plaza,Dayton,Ohio,39.8285,-84.2024
5515,Prisca,Shuard,Female,004,pshuard2f@cdbaby.com,(412) 1606589,2898 Comanche Road,Pittsburgh,Pennsylvania,40.4181,-80.0526
5516,Culley,Hyne,Male,001,chyne2g@pcworld.com,(505) 7794848,9 Knutson Center,Albuquerque,New Mexico,35.0443,-106.6729
5517,Elbert,Heffy,I Do Not Wish to Answer,005,eheffy2h@huffingtonpost.com,(915) 3277702,97808 5th Road,El Paso,Texas,31.7674,-106.4304
5518,Pavlov,Grinyakin,Male,001,pgrinyakin2i@google.nl,(203) 8970960,8 Harbort Plaza,New Haven,Connecticut,41.3087,-72.9271
5519,Alana,Raymont,Female,004,araymont2j@dailymail.co.uk,,55 Glacier Hill Avenue,Providence,Rhode Island,41.7845,-71.3959
5520,Cheri,Tink,Female,002,ctink2k@github.com,(808) 6412788,20 American Ash Road,Honolulu,Hawaii,21.3278,-157.8294
5521,Dominick,Kunkler,Male,002,dkunkler2l@jimdo.com,(865) 5865633,065 Luster Trail,Knoxville,Tennessee,35.9918,-83.8496
5522,Menard,McNeish,Male,001,mmcneish2m@biblegateway.com,(305) 7887198,4 Victoria Alley,Miami,Florida,25.768,-80.2714
5523,Goran,Giberd,Male,004,ggiberd2n@soundcloud.com,(209) 2710314,669 Banding Hill,Stockton,California,37.9625,-121.2624
5524,Creighton,Tellenbach,Male,004,ctellenbach2o@tripadvisor.com,(502) 8479303,1 Novick Place,Migrate,Kentucky,38.0638,-84.5027
5525,Darlene,Ickeringill,Female,001,dickeringill2p@dmoz.org,(816) 1659979,907 Barby Hill,Kansas City,Missouri,39.1024,-94.5986
5526,Towney,Comiam,Male,004,tcomiam2q@altervista.org,(904) 5336696,597 Erie Way,Saint Augustine,Florida,29.9475,-81.5264
5527,Ethelred,Jekel,Male,002,ejekel2r@microsoft.com,(480) 6699812,94 Jay Junction,Mesa,Arizona,33.4707,-111.7188
5528,Skylar,Raymen,Male,004,sraymen2s@spotify.com,(318) 7356773,4 Oak Place,Shreveport,Louisiana,32.4589,-93.7143
5529,Conchita,Spatari,Female,001,cspatari2t@gmpg.org,(727) 3356075,1394 Vera Lane,Clearwater,Florida,28.0173,-82.7461
5530,Zebulen,Goodin,Male,004,zgoodin2u@nyu.edu,(254) 2365784,4108 Atwood Place,Temple,Texas,31.0363,-97.492
5531,Sherman,Durden,Male,002,sdurden2v@sciencedirect.com,(808) 1399240,70274 Harper Court,Honolulu,Hawaii,21.3068,-157.8607
5532,Moria,Ebdon,Female,004,mebdon2w@desdev.cn,(202) 5744828,3 Carey Street,Washington,District of Columbia,38.8933,-77.0146
5533,Cordey,Paulmann,Female,001,cpaulmann2x@drupal.org,(845) 7243578,244 Waxwing Park,White Plains,New York,41.119,-73.733
5534,Charil,Delany,Female,005,,,21374 Derek Terrace,Washington,District of Columbia,38.9381,-77.086
5535,Terrence,Baterip,Male,002,tbaterip2z@so-net.ne.jp,(605) 1733300,90636 Burrows Crossing,Sioux Falls,South Dakota,43.6746,-96.7913
5536,Devon,Jaquest,Female,005,djaquest30@mtv.com,(718) 3895164,90032 Fieldstone Way,Bronx,New York,40.8247,-73.894
5537,Burg,Jenney,I Do Not Wish to Answer,003,bjenney31@statcounter.com,(646) 1433271,78151 Armistice Plaza,New York City,New York,40.7524,-73.9791
5538,Emelia,Whayman,Female,003,ewhayman32@zimbio.com,(979) 4655019,708 Kensington Trail,College Station,Texas,30.6521,-96.341
5539,Koren,Hawken,Female,004,khawken33@delicious.com,(331) 8127702,67323 1st Trail,Aurora,Illinois,41.7582,-88.2971
5540,Elisabetta,Croxley,Female,001,ecroxley34@meetup.com,(336) 2681714,2 Loomis Parkway,Greensboro,North Carolina,36.0807,-80.0244
5541,Thibaud,Fawdrie,Male,002,tfawdrie35@mozilla.com,(406) 2903685,950 Badeau Street,Billings,Montana,45.9497,-108.599
5542,Mahala,Lead,Female,005,mlead36@squidoo.com,(212) 9098947,79 Bunker Hill Road,New York City,New York,40.8111,-73.9642
5543,Tarrance,Plows,Male,003,tplows37@about.me,(330) 4590272,2161 Hovde Plaza,Youngstown,Ohio,41.1039,-80.6436
5544,Denise,Groarty,Female,001,dgroarty38@uol.com.br,(305) 4068998,19664 Roth Plaza,Boca Raton,Florida,26.4116,-80.0928
5545,Alikee,Macallam,Non-binary,001,amacallam39@adobe.com,(803) 2957632,81 Bartillon Road,Columbia,South Carolina,34.006,-80.9708
5546,Thedric,Simmank,Male,002,tsimmank3a@odnoklassniki.ru,,537 Lien Court,Bloomington,Illinois,40.4614,-88.953
5547,Padgett,Oguz,Male,003,poguz3b@ed.gov,(808) 5143068,,Honolulu,Hawaii,21.3062,-157.8585
5548,Alvina,Woodroff,Female,005,awoodroff3c@ning.com,(702) 3040370,7254 Hintze Plaza,Las Vegas,Nevada,36.3265,-115.3398
5549,Siouxie,Eul,Female,001,seul3d@addthis.com,(239) 5182438,,Naples,Florida,26.0143,-81.5856
5550,Gherardo,De Gregoli,Male,005,gdegregoli3e@issuu.com,(281) 3204931,1 Banding Parkway,Houston,Texas,29.7543,-95.3609
5551,Sashenka,Lorkins,Female,005,slorkins3f@blogspot.com,(321) 9170243,14733 Barnett Terrace,Orlando,Florida,28.5289,-81.4787
5552,Delilah,Deighton,Female,004,ddeighton3g@huffingtonpost.com,(214) 4480266,73 Schurz Junction,Arlington,Texas,32.7582,-97.1003
5553,Jaime,Le Noire,Male,004,jlenoire3h@cafepress.com,(617) 7030960,97 Mccormick Drive,Boston,Massachusetts,42.3615,-71.0604
5554,Cathyleen,Arnli,Female,003,carnli3i@ezinearticles.com,(513) 9479292,1507 Fulton Center,Cincinnati,Ohio,39.2692,-84.3307
5555,Osgood,Whitwell,Male,004,owhitwell3j@merriam-webster.com,(818) 4719824,17 Golf View Hill,Northridge,California,33.7866,-118.2987
5556,Willem,Eisikowitz,Male,002,weisikowitz3k@smugmug.com,(586) 3927751,1609 Tennyson Lane,Warren,Michigan,42.5125,-83.0643
5557,Prince,McPharlain,Male,001,pmcpharlain3l@shareasale.com,(916) 3064488,,Sacramento,California,38.3774,-121.4444
5558,Jaquelin,Dobney,Female,002,,(585) 8983014,3995 Holy Cross Junction,Rochester,New York,43.174,-77.5637
5559,Holly,Janz,Non-binary,004,hjanz3n@ovh.net,(864) 8242661,015 Amoth Center,Anderson,South Carolina,34.5271,-82.7087
5560,Dede,Craggs,Female,004,dcraggs3o@webnode.com,,99 Hintze Trail,Washington,District of Columbia,38.8933,-77.0146
5561,Isa,Pastor,I Do Not Wish to Answer,001,,(907) 5714840,362 Packers Park,Anchorage,Alaska,61.204,-149.8084
5562,Washington,Late,Male,004,wlate3q@blogtalkradio.com,(415) 6976278,,San Francisco,California,37.7848,-122.7278
5563,Efren,Boldry,Male,004,eboldry3r@wunderground.com,,1927 Ronald Regan Road,Fort Lauderdale,Florida,26.0989,-80.1541
5564,Sylas,Burch,Male,003,sburch3s@independent.co.uk,(806) 2792178,75 Lillian Court,Amarillo,Texas,35.216,-102.0714
5565,Murdock,Meineking,Male,005,mmeineking3t@oaic.gov.au,(504) 5170451,04715 Macpherson Avenue,New Orleans,Louisiana,30.033,-89.8826
5566,Tani,Vlahos,Female,001,tvlahos3u@naver.com,(626) 4507464,048 Debra Pass,Pasadena,California,33.7866,-118.2987
5567,Wilona,Bernaldo,Female,001,wbernaldo3v@behance.net,,8801 Stephen Alley,Raleigh,North Carolina,35.7977,-78.6253
5568,Toiboid,Sumption,Male,004,tsumption3w@alexa.com,(808) 6088440,555 Birchwood Drive,Honolulu,Hawaii,21.351,-157.8795
5569,Poppy,Doerling,Female,004,pdoerling3x@tamu.edu,(704) 7284260,131 Waywood Crossing,Charlotte,North Carolina,35.26,-80.8042
5570,Shepperd,Greguoli,Male,002,sgreguoli3y@cdbaby.com,(360) 3510461,7 Pearson Plaza,Vancouver,Washington,45.8016,-122.5203
5571,Daisy,Powell,Female,001,,(303) 7702189,2 Sage Terrace,Denver,Colorado,39.7074,-104.9686
5572,Brittan,Alvares,Female,004,balvares40@acquirethisname.com,(205) 9248457,8398 Truax Park,Birmingham,Alabama,33.5446,-86.9292
5573,Judith,Kenelin,Non-binary,003,jkenelin41@php.net,,401 Norway Maple Street,Atlanta,Georgia,33.8913,-84.0746
5574,Moishe,Pyne,Male,003,mpyne42@t.co,(240) 8695325,73 Chive Crossing,Gaithersburg,Maryland,39.0883,-77.1568
5575,Bessy,Plumbridge,Female,005,bplumbridge43@ucsd.edu,(856) 7614293,6 Dorton Hill,Camden,New Jersey,39.9186,-75.1078
5576,Ansel,Sicha,Male,005,asicha44@sourceforge.net,(720) 8752362,0 Ramsey Park,Denver,Colorado,39.7388,-104.4083
5577,Zia,Holhouse,Female,002,,(978) 9081236,118 Jana Lane,Watertown,Massachusetts,42.37,-71.1773
5578,Ruby,Shaxby,Female,005,rshaxby46@shutterfly.com,,5 Forster Street,Richmond,Virginia,37.5242,-77.4932
5579,Myles,Kayley,Male,005,mkayley47@webmd.com,(260) 8699181,6 Londonderry Junction,Fort Wayne,Indiana,41.0938,-85.0707
5580,Ario,Glitherow,Male,004,aglitherow48@usgs.gov,,2 Village Court,Fort Myers,Florida,26.5529,-81.9486
5581,Richmond,Jerrom,Male,004,rjerrom49@wisc.edu,(315) 1157403,48 Merrick Crossing,Syracuse,New York,43.0214,-76.1977
5582,Odille,Nares,Female,005,onares4a@ibm.com,(413) 7134451,,Springfield,Massachusetts,42.1707,-72.6048
5583,Dixie,Ahrend,Female,001,dahrend4b@nifty.com,(857) 4581356,96 Talisman Point,Watertown,Massachusetts,42.37,-71.1773
5584,Claudio,Girodier,Male,002,cgirodier4c@vkontakte.ru,(915) 3864379,8 Moose Center,El Paso,Texas,31.6948,-106.3
5585,Ermina,Darth,Female,001,edarth4d@furl.net,(951) 7151599,134 Oneill Alley,Corona,California,33.7541,-117.474
5586,Coleman,Buzine,Male,001,,(915) 4944436,97851 Northview Hill,El Paso,Texas,31.6948,-106.3
5587,Lizette,Milsom,Female,004,lmilsom4f@shutterfly.com,(772) 5947742,8006 Raven Street,West Palm Beach,Florida,26.67,-80.0582
5588,Tabbi,Simoes,Female,002,tsimoes4g@princeton.edu,(405) 2472994,043 Melrose Lane,Oklahoma City,Oklahoma,35.4312,-97.4913
5589,Fayina,Lamdin,Female,001,flamdin4h@cornell.edu,(202) 5669901,5497 Pawling Hill,Washington,District of Columbia,38.8933,-77.0146
5590,Whitney,Marciek,Female,004,wmarciek4i@nature.com,(540) 2410228,724 Talmadge Place,Richmond,Virginia,37.5158,-77.5047
5591,Leontyne,Moncrefe,Female,002,lmoncrefe4j@homestead.com,(903) 3303172,8 Kensington Court,Texarkana,Texas,33.3934,-94.3404
5592,Zilvia,Pavlenkov,Female,003,zpavlenkov4k@hexun.com,(253) 4889326,3 Laurel Junction,Tacoma,Washington,47.2325,-122.3594
5593,Ruttger,McNeilley,Male,001,rmcneilley4l@acquirethisname.com,(503) 2186376,9240 Delaware Park,Portland,Oregon,45.5806,-122.3748
5594,Viviana,Akehurst,Female,003,vakehurst4m@nsw.gov.au,(480) 4806372,,Scottsdale,Arizona,33.2765,-112.1872
5595,Torr,Danielot,Male,002,tdanielot4n@cocolog-nifty.com,(267) 9935519,0 Laurel Point,Philadelphia,Pennsylvania,39.9597,-75.2024
5596,Aluin,Hetterich,Male,002,ahetterich4o@microsoft.com,(214) 9088386,5 Commercial Trail,Dallas,Texas,32.7673,-96.7776
5597,Selinda,Stonbridge,Female,002,sstonbridge4p@usatoday.com,(248) 2477389,4339 Stephen Drive,Farmington,Michigan,42.4617,-83.4053
5598,Umberto,Spinola,Male,001,uspinola4q@walmart.com,(818) 4705472,968 Tomscot Circle,Glendale,California,34.1378,-118.2424
5599,Miquela,Howel,Female,001,mhowel4r@ibm.com,(510) 4026970,8 Vermont Circle,Sacramento,California,38.4797,-121.4438
5600,Brinna,Bhatia,Female,002,bbhatia4s@bluehost.com,,30373 Mandrake Place,New Hyde Park,New York,40.7548,-73.6018
5601,Robbert,Stanlike,Male,001,rstanlike4t@dedecms.com,,19 Fordem Plaza,Sacramento,California,38.4797,-121.4438
5602,Ruttger,Borell,Male,005,rborell4u@cbslocal.com,(662) 7597668,7 Upham Crossing,Columbus,Mississippi,33.5508,-88.4865
5603,Jeromy,Chaplyn,Male,002,jchaplyn4v@theglobeandmail.com,(954) 4201744,07 Sundown Junction,Fort Lauderdale,Florida,26.1097,-80.3215
5604,Horst,Castilljo,Male,005,hcastilljo4w@fastcompany.com,(561) 2931107,895 Stone Corner Parkway,Delray Beach,Florida,26.6459,-80.4303
5605,Jacquenette,Darragon,Female,004,,(415) 7635876,3082 Shelley Trail,San Francisco,California,37.7848,-122.7278
5606,Doro,Ledeker,Female,002,dledeker4y@de.vu,(650) 3338111,8649 Scoville Way,Redwood City,California,37.3811,-122.3348
5607,Penny,Twining,Male,005,ptwining4z@phpbb.com,(330) 6053219,2 Beilfuss Plaza,Warren,Ohio,41.2405,-80.8441
5608,Augy,Stive,Male,001,astive50@ca.gov,(954) 1132516,2439 Manufacturers Crossing,Fort Lauderdale,Florida,26.0663,-80.3339
5609,Leonanie,Cregin,Female,001,lcregin51@studiopress.com,(775) 3761373,2800 Crownhardt Alley,Carson City,Nevada,39.1678,-119.7764
5610,Leonard,Meeron,Male,004,lmeeron52@boston.com,(469) 8954549,917 Lake View Crossing,Dallas,Texas,32.826,-96.7843
5611,Farrell,Heindl,Male,001,fheindl53@tripod.com,(251) 2507987,399 Anhalt Pass,Mobile,Alabama,30.671,-88.1267
5612,Mason,Rodnight,Male,001,mrodnight54@sfgate.com,(785) 8788993,0153 Welch Center,Topeka,Kansas,39.0429,-95.7697
5613,Katine,Bellwood,Female,004,kbellwood55@networkadvertising.org,(336) 9275094,398 Mayer Hill,High Point,North Carolina,36.0807,-80.0244
5614,Auguste,Tie,Female,004,atie56@marriott.com,(602) 6475002,77963 Kennedy Circle,Phoenix,Arizona,33.3022,-112.1226
5615,Carolann,Walwood,Non-binary,001,cwalwood57@artisteer.com,(517) 4582687,46 Saint Paul Hill,Lansing,Michigan,42.7325,-84.5587
5616,Mayor,Toffalo,Male,004,mtoffalo58@purevolume.com,,99707 Katie Park,Houston,Texas,29.834,-95.4342
5617,Domingo,Stapford,Male,003,dstapford59@edublogs.org,(404) 5775966,0 Oxford Court,Atlanta,Georgia,33.8444,-84.474
5618,Gunar,Deighan,Male,002,gdeighan5a@eventbrite.com,(407) 1162219,7913 Linden Pass,Orlando,Florida,28.5559,-81.3535
5619,Hartwell,Neagle,Male,005,hneagle5b@networkadvertising.org,(707) 2819769,320 West Trail,Petaluma,California,38.4631,-122.99
5620,Willette,Gergely,Female,001,wgergely5c@google.com.br,(325) 8862352,5872 Ruskin Hill,Abilene,Texas,32.4665,-99.7117
5621,Isahella,Zavattari,Female,004,izavattari5d@loc.gov,(520) 6842263,,Tucson,Arizona,32.215,-110.7758
5622,Gabriellia,Joriot,Female,004,gjoriot5e@hatena.ne.jp,,72607 Buena Vista Circle,Oakland,California,37.8471,-122.2223
5623,Randie,Seaward,Female,003,rseaward5f@stumbleupon.com,(903) 7854791,847 Derek Trail,Tyler,Texas,32.4112,-95.2899
5624,Cchaddie,Huckabe,Male,005,chuckabe5g@toplist.cz,(806) 9970049,255 Sullivan Circle,Lubbock,Texas,33.5693,-101.8904
5625,Aurea,Phuprate,Female,002,aphuprate5h@biglobe.ne.jp,(253) 3954816,4504 Butternut Parkway,Tacoma,Washington,47.2484,-122.4644
5626,Piotr,Micklem,Male,004,pmicklem5i@google.cn,(718) 3374870,46079 Ridge Oak Park,Jamaica,New York,40.6914,-73.8061
5627,Austina,Curneen,Female,001,acurneen5j@umn.edu,(408) 6022967,3 Aberg Drive,San Jose,California,37.2568,-121.8896
5628,Kaycee,Konerding,Female,001,kkonerding5k@earthlink.net,(626) 8025276,33349 Rusk Alley,Pasadena,California,33.7866,-118.2987
5629,Eugenio,Gibbings,Male,005,egibbings5l@webeden.co.uk,(361) 3247099,3 Service Avenue,Corpus Christi,Texas,27.777,-97.4632
5630,Giselbert,Fury,Male,002,gfury5m@scribd.com,(804) 6213025,070 Charing Cross Plaza,Richmond,Virginia,37.5593,-77.4471
5631,Darda,Alflat,Female,002,dalflat5n@ebay.com,(336) 1138958,1583 Orin Trail,Greensboro,North Carolina,36.0777,-79.9086
5632,Gallard,Bern,Male,002,gbern5o@uiuc.edu,(407) 3883881,,Orlando,Florida,28.5663,-81.2608
5633,Ibrahim,Meech,Non-binary,002,imeech5p@domainmarket.com,(405) 3106459,60901 Spenser Pass,Oklahoma City,Oklahoma,35.5514,-97.4075
5634,Giffie,Brisard,Male,005,gbrisard5q@alibaba.com,(337) 5881859,2660 Maple Junction,Lafayette,Louisiana,30.2081,-92.0951
5635,Doreen,McCuffie,Female,003,dmccuffie5r@washingtonpost.com,(414) 2888239,8447 Hallows Junction,Milwaukee,Wisconsin,42.9559,-87.9933
5636,Nico,Pillington,Male,003,npillington5s@berkeley.edu,,,Dayton,Ohio,39.7505,-84.2686
5637,Rich,Muzzall,I Do Not Wish to Answer,003,rmuzzall5t@paypal.com,(210) 5463131,886 Graceland Circle,San Antonio,Texas,29.4189,-98.6895
5638,Frannie,Gaven,I Do Not Wish to Answer,005,fgaven5u@g.co,(918) 1973213,96130 Meadow Ridge Street,Tulsa,Oklahoma,36.175,-95.8477
5639,Rebbecca,Ottewill,Female,001,rottewill5v@phoca.cz,(585) 9542667,6093 Forster Road,Rochester,New York,43.286,-77.6843
5640,Kandy,Sandercock,Female,004,ksandercock5w@wsj.com,(713) 7193958,5 Gina Hill,Houston,Texas,29.7629,-95.3629
5641,Ferrell,Cardwell,Male,005,fcardwell5x@auda.org.au,(785) 2452445,946 Fulton Avenue,Topeka,Kansas,39.0583,-95.7095
5642,Corrianne,Ormes,Female,003,cormes5y@marketwatch.com,(713) 1372780,520 Meadow Vale Pass,Houston,Texas,29.834,-95.4342
5643,Amelita,Trenbay,Non-binary,003,atrenbay5z@odnoklassniki.ru,(208) 5324363,119 Autumn Leaf Lane,Idaho Falls,Idaho,43.3233,-111.7822
5644,Nilson,Byrkmyr,Male,001,nbyrkmyr60@over-blog.com,(209) 2120995,7 Lerdahl Court,Fresno,California,36.7949,-119.7604
5645,Christoforo,Kennedy,Male,005,ckennedy61@quantcast.com,(937) 3164285,37 Dwight Way,Dayton,Ohio,39.7617,-84.1498
5646,Cassaundra,Crumbie,Female,004,ccrumbie62@themeforest.net,(719) 7609665,3499 Garrison Point,Colorado Springs,Colorado,38.8247,-104.562
5647,Giles,Birk,Male,001,gbirk63@technorati.com,(251) 8697730,992 Northwestern Place,Mobile,Alabama,30.6589,-88.178
5648,Ignaz,MacPherson,Male,003,imacpherson64@plala.or.jp,(404) 3533863,4151 Judy Trail,Atlanta,Georgia,33.8444,-84.474
5649,Bob,Hinzer,Male,001,bhinzer65@abc.net.au,,68 Muir Alley,Brooklyn,New York,40.6628,-73.9546
5650,Peyter,Crotty,Male,005,pcrotty66@nba.com,(503) 2280115,,Beaverton,Oregon,45.5486,-123.1147
5651,Florencia,Epp,Female,002,fepp67@umn.edu,(203) 4163960,518 Vermont Point,Waterbury,Connecticut,41.3657,-72.9275
5652,Simmonds,Gilbride,Male,001,sgilbride68@unicef.org,(570) 2802445,66 Anderson Point,Scranton,Pennsylvania,41.4019,-75.6376
5653,Lionello,Betjeman,Male,005,lbetjeman69@netlog.com,(702) 4646348,4 Manufacturers Pass,Henderson,Nevada,36.0384,-115.0857
5654,Frances,Landers,Female,005,flanders6a@hugedomains.com,(859) 2724651,71451 Portage Pass,Lexington,Kentucky,38.0283,-84.4715
5655,Elsie,Tydd,Female,005,etydd6b@cyberchimps.com,(772) 7846249,25 Killdeer Trail,Fort Pierce,Florida,27.4049,-80.3623
5656,Nancee,Garner,Female,002,ngarner6c@netvibes.com,(334) 3638411,84793 Twin Pines Drive,Montgomery,Alabama,32.2334,-86.2085
5657,Fanchon,Perdue,Female,001,fperdue6d@microsoft.com,(402) 9047484,24704 Columbus Parkway,Lincoln,Nebraska,40.9008,-96.7201
5658,Sully,Alesio,Male,002,salesio6e@pinterest.com,(336) 9925859,6 Manufacturers Parkway,High Point,North Carolina,36.0807,-80.0244
5659,Ward,Backs,Male,002,,(763) 8405218,1069 Surrey Place,Maple Plain,Minnesota,45.0159,-93.4719
5660,Berrie,Crinkley,Female,005,bcrinkley6g@miitbeian.gov.cn,(562) 8483789,7 Mayer Terrace,Los Angeles,California,34.0529,-118.2549
5661,Forester,Milella,Male,002,fmilella6h@list-manage.com,,441 Declaration Way,Long Beach,California,33.7678,-118.1994
5662,Frazier,Wettern,Male,005,fwettern6i@ehow.com,(319) 7925267,61445 Hanover Trail,Waterloo,Iowa,42.4156,-92.2703
5663,Whitaker,Wombwell,Male,005,wwombwell6j@goo.gl,,94 Lighthouse Bay Hill,New York City,New York,40.7808,-73.9772
5664,Dilly,Brisland,Male,005,,(405) 9579702,1822 Sunbrook Pass,Oklahoma City,Oklahoma,35.599,-97.6251
5665,Jodi,Danielczyk,Female,002,jdanielczyk6l@wsj.com,(402) 6687796,7 Lerdahl Street,Lincoln,Nebraska,40.8529,-96.7943
5666,Ekaterina,Garrud,Non-binary,004,egarrud6m@microsoft.com,(610) 5988580,064 Nancy Terrace,Philadelphia,Pennsylvania,39.9597,-75.2024
5667,Olin,Clearie,Male,004,oclearie6n@merriam-webster.com,(206) 5493843,0059 Rigney Point,Seattle,Washington,47.4323,-121.8034
5668,Arnuad,Coppock.,Male,001,acoppock6o@xinhuanet.com,(518) 4283770,153 Mitchell Alley,Schenectady,New York,42.8333,-74.058
5669,Marcellina,Willbourne,Female,001,mwillbourne6p@bigcartel.com,(218) 3521113,82 Mayfield Crossing,Duluth,Minnesota,46.7987,-92.0946
5670,Ulrica,Voller,Female,002,uvoller6q@goodreads.com,(415) 1361432,439 Old Gate Place,Oakland,California,37.8044,-122.2698
5671,Vince,Carstairs,Male,001,vcarstairs6r@digg.com,(202) 1465352,825 Merchant Pass,Washington,District of Columbia,38.8952,-77.0365
5672,Halimeda,Snibson,Female,002,hsnibson6s@friendfeed.com,(336) 7851525,75033 Nova Circle,Greensboro,North Carolina,36.0807,-80.0244
5673,Mallory,Keys,Non-binary,004,mkeys6t@mediafire.com,(405) 1242541,5933 Carey Terrace,Oklahoma City,Oklahoma,35.5514,-97.4075
5674,Diann,Leverington,Female,004,dleverington6u@businessweek.com,(757) 4804471,,Chesapeake,Virginia,36.8056,-76.2666
5675,Fawn,Adams,Female,002,fadams6v@salon.com,,88 Loeprich Place,Salt Lake City,Utah,40.6681,-111.9083
5676,Kimmie,Knott,Female,004,kknott6w@senate.gov,(936) 2171922,808 Hazelcrest Court,Conroe,Texas,30.2906,-95.3832
5677,Fernanda,Boaler,Non-binary,005,fboaler6x@tmall.com,(309) 8436265,5283 Fremont Point,Peoria,Illinois,40.692,-89.5887
5678,Coralyn,Caplan,Female,002,ccaplan6y@cdbaby.com,(305) 5389204,173 Kedzie Junction,Hollywood,Florida,26.0185,-80.3449
5679,Arturo,Bickley,Male,001,,(305) 4432393,,Miami,Florida,25.768,-80.2714
5680,Oriana,Bateson,I Do Not Wish to Answer,005,,(520) 2158688,3 Forest Run Terrace,Tucson,Arizona,32.4142,-110.9466
5681,Tory,MacFie,Female,003,tmacfie71@ed.gov,(203) 2367255,88436 Hansons Center,Stamford,Connecticut,41.0888,-73.5435
5682,Wanda,Rowbottom,Female,001,wrowbottom72@tinypic.com,(816) 5652842,66701 Everett Hill,Kansas City,Missouri,39.1042,-94.4923
5683,Alecia,Osbaldstone,Non-binary,002,aosbaldstone73@123-reg.co.uk,(205) 1409690,67 Mariners Cove Drive,Birmingham,Alabama,33.3813,-86.7046
5684,Cordelia,Cleatherow,Female,004,,(859) 3397448,5119 Crest Line Park,Lexington,Kentucky,38.0283,-84.4715
5685,Manny,Ferminger,Male,004,mferminger75@fda.gov,(207) 5970208,34766 Amoth Junction,Portland,Maine,43.6783,-70.1987
5686,Bobinette,Prendergrast,Female,005,bprendergrast76@pcworld.com,(901) 4761573,49271 Elka Road,Memphis,Tennessee,35.2017,-89.9715
5687,Kessiah,Fevers,Female,003,kfevers77@studiopress.com,(704) 1780910,7410 Gina Point,Charlotte,North Carolina,35.26,-80.8042
5688,Penrod,Ratray,I Do Not Wish to Answer,004,pratray78@cdbaby.com,(913) 8682002,8624 Eastwood Court,Shawnee Mission,Kansas,38.8999,-94.832
5689,Lizabeth,Gott,I Do Not Wish to Answer,001,lgott79@npr.org,(401) 8118334,6 Bobwhite Center,Providence,Rhode Island,41.8267,-71.3977
5690,Barbi,Tipton,Female,001,btipton7a@smugmug.com,(407) 5068579,8635 Hazelcrest Street,Orlando,Florida,28.4522,-81.4678
5691,Kipper,Fuzzey,Male,003,kfuzzey7b@amazon.de,,02122 Armistice Crossing,Tampa,Florida,27.9671,-82.4334
5692,Geoff,Kopfer,Male,002,,,3297 Lerdahl Place,Lakeland,Florida,28.072,-81.9609
5693,Temp,Rhymes,Male,005,trhymes7d@histats.com,(901) 3455555,8438 Michigan Place,Memphis,Tennessee,35.0425,-90.0732
5694,Franny,Kennet,Male,003,fkennet7e@huffingtonpost.com,(775) 5572808,415 Dixon Place,Reno,Nevada,39.4814,-119.8591
5695,Hillery,Stiegars,Male,004,hstiegars7f@shareasale.com,(850) 8115003,89318 Montana Road,Tallahassee,Florida,30.4793,-84.3462
5696,Lissy,Crissil,Female,001,,(205) 6214439,4888 Autumn Leaf Court,Birmingham,Alabama,33.3813,-86.7046
5697,Godard,Coltart,Male,002,gcoltart7h@reddit.com,(816) 9999160,343 Miller Way,Kansas City,Missouri,39.2627,-94.697
5698,Wandie,Rashleigh,Female,001,wrashleigh7i@cocolog-nifty.com,(814) 5285829,8 Karstens Avenue,Erie,Pennsylvania,42.1827,-80.0649
5699,Elsworth,Galler,Male,004,,(502) 7417710,69 Fairfield Park,Louisville,Kentucky,38.2306,-85.7905
5700,Sue,Clarae,Female,001,sclarae7k@narod.ru,(605) 6408039,6 Valley Edge Parkway,Sioux Falls,South Dakota,43.6746,-96.7913
5701,Archaimbaud,Attkins,Male,001,aattkins7l@wordpress.org,(562) 2913663,22 Coolidge Lane,Los Angeles,California,34.0434,-118.2716
5702,Flss,Norheny,Female,003,fnorheny7m@constantcontact.com,(971) 8005705,216 Fulton Trail,Portland,Oregon,45.5287,-122.6363
5703,Clementius,Logan,Male,003,clogan7n@51.la,,964 Lotheville Lane,Washington,District of Columbia,38.9381,-77.086
5704,Yule,Craydon,Male,004,ycraydon7o@exblog.jp,(757) 1254679,0782 Lillian Point,Norfolk,Virginia,36.8787,-76.2604
5705,Roxanna,Crummay,Female,005,rcrummay7p@ibm.com,,582 Elgar Circle,Chicago,Illinois,41.7454,-87.7135
5706,Carmela,Hildred,Female,005,childred7q@feedburner.com,(303) 8693733,1535 Main Drive,Denver,Colorado,39.7439,-104.9876
5707,Beatriz,Huguenet,Non-binary,004,bhuguenet7r@nps.gov,(412) 3898440,5845 Ruskin Plaza,Pittsburgh,Pennsylvania,40.4344,-80.0248
5708,Tove,Bister,Female,005,tbister7s@alibaba.com,(717) 5800970,65613 7th Lane,Harrisburg,Pennsylvania,40.2618,-76.88
5709,Olympie,Reddin,Female,003,oreddin7t@businessinsider.com,(801) 8872352,18887 Twin Pines Drive,Salt Lake City,Utah,40.7145,-111.8931
5710,Lance,Chrippes,Male,005,,(318) 7119732,63467 Forster Parkway,Shreveport,Louisiana,32.6076,-93.7526
5711,Roxy,Warrillow,Female,003,,(214) 4334356,,Dallas,Texas,33.0005,-96.8314
5712,Fern,Clemson,I Do Not Wish to Answer,002,fclemson7w@ucoz.ru,(716) 3429052,606 Judy Parkway,Buffalo,New York,42.9335,-78.8115
5713,Kaleena,Broader,I Do Not Wish to Answer,003,kbroader7x@symantec.com,(251) 9308101,95 Helena Terrace,Mobile,Alabama,30.6589,-88.178
5714,Mela,Gecks,Female,003,mgecks7y@ca.gov,(337) 6974253,27081 Bellgrove Junction,Lake Charles,Louisiana,30.2642,-93.3265
5715,Liliane,Chesterman,Female,001,lchesterman7z@reuters.com,,520 Roth Center,Biloxi,Mississippi,30.4067,-88.9211
5716,Dalli,Heliet,Male,001,dheliet80@ning.com,(505) 5162040,348 Leroy Avenue,Albuquerque,New Mexico,35.0512,-106.7269
5717,Garvy,Hardway,Male,004,ghardway81@usnews.com,(404) 4608389,17 Sutteridge Place,Lawrenceville,Georgia,33.9464,-83.9912
5718,Sidonia,Pockey,Female,001,spockey82@whitehouse.gov,(757) 6382453,02 Redwing Pass,Suffolk,Virginia,36.8926,-76.5142
5719,Kettie,Fratson,Female,002,kfratson83@si.edu,,683 Fremont Lane,Merrifield,Virginia,38.8318,-77.2888
5720,Myrtle,Jarmaine,Female,004,mjarmaine84@vimeo.com,(915) 4787438,459 Moose Center,El Paso,Texas,31.6948,-106.3
5721,Linnea,Eastgate,Female,003,leastgate85@icio.us,(913) 8485754,15 Anhalt Point,Kansas City,Kansas,39.085,-94.6356
5722,Vernen,Manz,Male,005,vmanz86@google.co.jp,(910) 9276269,0 Florence Center,Wilmington,North Carolina,34.2651,-77.867
5723,Field,Elstow,Male,002,felstow87@com.com,(334) 4211502,44508 4th Street,Montgomery,Alabama,32.2334,-86.2085
5724,Darin,Christoffersen,Male,003,dchristoffersen88@ebay.com,(502) 1385028,,Louisville,Kentucky,38.2222,-85.6885
5725,Damien,Pettiward,Male,004,dpettiward89@drupal.org,(775) 4974602,65 Prairieview Lane,Sparks,Nevada,39.6269,-119.7081
5726,Sofie,Conew,Non-binary,003,sconew8a@cbsnews.com,(408) 3936685,38 Ramsey Trail,San Jose,California,37.2187,-121.8601
5727,Austen,Tuddenham,Male,001,atuddenham8b@gov.uk,,2263 Grim Drive,Hampton,Virginia,37.0206,-76.3377
5728,Tamarah,Tuite,Female,004,ttuite8c@home.pl,(909) 7750541,1511 Granby Place,Pomona,California,33.7866,-118.2987
5729,Cord,Playfair,Male,002,cplayfair8d@walmart.com,(951) 7059297,59 Bluestem Plaza,Riverside,California,33.7529,-116.0556
5730,Chad,Singh,Male,002,csingh8e@ted.com,(727) 6521444,9 Summerview Drive,Clearwater,Florida,27.9843,-82.7813
5731,Zebulen,Shilvock,Male,004,,(205) 8937677,5024 Anzinger Way,Birmingham,Alabama,33.5446,-86.9292
5732,Menard,Metzig,Male,001,mmetzig8g@weebly.com,(208) 9217576,20 3rd Junction,Boise,Idaho,43.4599,-116.244
5733,Ange,Kippin,Female,002,akippin8h@fastcompany.com,(623) 7902570,19 Sommers Junction,Phoenix,Arizona,33.4226,-111.7236
5734,Piggy,Gregol,Male,004,pgregol8i@springer.com,(941) 9988608,49026 Thackeray Avenue,North Port,Florida,27.0459,-82.2491
5735,Valentine,Mohun,Female,002,vmohun8j@hatena.ne.jp,(513) 4281796,97843 Toban Plaza,Cincinnati,Ohio,39.1668,-84.5382
5736,Murial,Penkman,Female,001,mpenkman8k@furl.net,(602) 9821415,9 Rockefeller Center,Mesa,Arizona,33.4368,-111.7129
5737,Darla,Oxby,Female,001,doxby8l@mapquest.com,(408) 2521847,5123 Crownhardt Center,San Jose,California,37.3378,-121.8908
5738,Sylas,Pitts,Male,003,spitts8m@sogou.com,(646) 2250231,5002 Lake View Park,New York City,New York,40.7526,-73.9755
5739,Jakie,Jeannard,Non-binary,001,jjeannard8n@bravesites.com,(337) 2046210,885 Upham Lane,Lake Charles,Louisiana,30.2642,-93.3265
5740,Cyrillus,McSkeagan,Male,001,cmcskeagan8o@moonfruit.com,(718) 9852710,3 Duke Place,Staten Island,New York,40.5973,-74.0768
5741,Rodina,Leeburn,Female,004,rleeburn8p@tamu.edu,(425) 7817753,778 Melby Center,Bellevue,Washington,47.6115,-122.1162
5742,Letitia,Downey,Female,002,ldowney8q@dropbox.com,(714) 9872148,79 Ohio Terrace,Newport Beach,California,33.6062,-117.8931
5743,Cathryn,Edmott,Female,005,cedmott8r@utexas.edu,(212) 4783134,1 Haas Circle,New York City,New York,40.7526,-73.9755
5744,Lanny,Henrique,Female,001,lhenrique8s@theguardian.com,(712) 1104151,8 Springview Avenue,Sioux City,Iowa,42.5032,-96.3829
5745,Sam,Rays,Female,003,srays8t@scientificamerican.com,(614) 4760533,46 Pennsylvania Crossing,Columbus,Ohio,40.0028,-83.0164
5746,Orton,Anlay,Male,003,oanlay8u@theatlantic.com,(915) 6311063,07876 Weeping Birch Trail,El Paso,Texas,31.6948,-106.3
5747,Fanchon,Antill,Female,004,fantill8v@hatena.ne.jp,(817) 2534665,8418 Bunker Hill Point,Arlington,Texas,32.7714,-97.2915
5748,Bartlet,Duffil,Male,003,,(719) 2999880,2 Northland Avenue,Pueblo,Colorado,38.1286,-104.5523
5749,Celestina,Boatswain,Female,003,,(217) 5736055,788 Briar Crest Point,Springfield,Illinois,39.7495,-89.606
5750,Brucie,Vaisey,Male,005,bvaisey8y@usa.gov,,24 Acker Point,Valdosta,Georgia,30.946,-83.2474
5751,Vanni,Filippi,Female,002,vfilippi8z@google.com.br,(318) 3592603,1 Muir Pass,Shreveport,Louisiana,32.6076,-93.7526
5752,Pepi,Cremer,Female,005,pcremer90@umich.edu,,84920 Brickson Park Hill,Omaha,Nebraska,41.2435,-95.9629
5753,Barnaby,Sherreard,Male,003,bsherreard91@yahoo.com,(402) 4672148,32591 Weeping Birch Lane,Omaha,Nebraska,41.2335,-96.1188
5754,Moria,Holehouse,Female,002,mholehouse92@is.gd,(337) 2036647,72 Westport Terrace,Lake Charles,Louisiana,30.1244,-93.1835
5755,Fionna,Denson,Female,002,fdenson93@slideshare.net,(209) 8270401,025 Hollow Ridge Center,Fresno,California,36.7464,-119.6397
5756,Lanita,Klas,Female,001,lklas94@i2i.jp,(203) 5912800,62 Old Shore Circle,Stamford,Connecticut,41.3089,-73.3637
5757,Nicholle,Skune,Female,002,nskune95@tinyurl.com,(443) 6994375,47342 Utah Plaza,Baltimore,Maryland,39.3316,-76.6336
5758,Osmond,Findlay,Male,002,ofindlay96@ft.com,(408) 1283178,0153 Mockingbird Park,San Jose,California,37.3729,-121.856
5759,Giustino,Rickeard,Male,005,grickeard97@soup.io,(281) 9731627,48 American Ash Terrace,Houston,Texas,29.9781,-95.5803
5760,Ula,Wogden,Female,005,uwogden98@ucoz.ru,(305) 1929842,6 Forest Dale Pass,Boca Raton,Florida,26.4116,-80.0928
5761,Pen,Hollingshead,Female,001,phollingshead99@biglobe.ne.jp,(202) 6673636,55 Shoshone Crossing,Washington,District of Columbia,38.9381,-77.086
5762,Storm,Whitely,Female,005,swhitely9a@e-recht24.de,(253) 3831847,5023 Bartillon Plaza,Tacoma,Washington,47.0662,-122.1132
5763,Yorke,Makepeace,Male,003,ymakepeace9b@guardian.co.uk,(213) 6676905,40684 Schiller Pass,Los Angeles,California,34.0515,-118.2559
5764,Candis,Davey,Female,003,cdavey9c@reuters.com,(512) 9054443,050 Crowley Place,Austin,Texas,30.2107,-97.9427
5765,Shannon,Campelli,Male,003,scampelli9d@geocities.com,(559) 3520125,9252 Armistice Terrace,Fresno,California,36.7949,-119.7604
5766,Colleen,Bruhn,Female,002,cbruhn9e@cnn.com,(904) 1352341,3 Killdeer Road,Jacksonville,Florida,30.0956,-81.6217
5767,Rossie,Wittleton,I Do Not Wish to Answer,002,rwittleton9f@free.fr,,54 Laurel Street,Salt Lake City,Utah,40.6681,-111.9083
5768,Rakel,Etter,Female,002,retter9g@auda.org.au,(212) 5789797,427 6th Drive,New York City,New York,40.7808,-73.9772
5769,Gretchen,Espie,Non-binary,004,gespie9h@ehow.com,(816) 4707535,5288 Sherman Crossing,Kansas City,Kansas,39.116,-94.764
5770,Ruddie,Kiellor,Male,005,,(361) 5769168,649 Meadow Ridge Avenue,Corpus Christi,Texas,27.7262,-97.4078
5771,Bailey,Bridgewater,Male,005,bbridgewater9j@alexa.com,(719) 9371740,19 Clarendon Pass,Colorado Springs,Colorado,38.8247,-104.562
5772,Nealy,Menicomb,Male,004,nmenicomb9k@earthlink.net,(415) 5565932,8213 Fuller Parkway,San Francisco,California,37.7848,-122.7278
5773,Wiley,Karlolak,Non-binary,002,wkarlolak9l@statcounter.com,(480) 4872201,43151 Judy Plaza,Apache Junction,Arizona,33.3616,-111.2795
5774,Dom,Ganniclifft,Male,002,dganniclifft9m@yelp.com,(610) 6365472,296 Starling Plaza,Allentown,Pennsylvania,40.6934,-75.4712
5775,Rollin,Emlyn,Male,001,remlyn9n@patch.com,(719) 8777186,703 Esker Center,Colorado Springs,Colorado,38.9497,-104.767
5776,Randi,Iddenden,Female,001,riddenden9o@last.fm,(941) 4166825,76563 Portage Road,Seminole,Florida,27.8444,-82.7963
5777,Leonard,Courcey,Male,005,lcourcey9p@over-blog.com,,59761 Donald Court,Dayton,Ohio,39.7505,-84.2686
5778,Shadow,Cornilleau,Non-binary,005,scornilleau9q@vkontakte.ru,(917) 9757663,08923 Buhler Circle,Jamaica,New York,40.6914,-73.8061
5779,Bernarr,Delgado,Male,001,bdelgado9r@omniture.com,(513) 9636724,345 Beilfuss Terrace,Cincinnati,Ohio,39.1075,-84.5257
5780,Evvie,Menguy,Female,004,emenguy9s@freewebs.com,(775) 9109584,52 Shoshone Plaza,Reno,Nevada,39.4814,-119.8591
5781,Archibald,Jacqueminet,Male,001,ajacqueminet9t@google.fr,(865) 3200416,130 Novick Hill,Knoxville,Tennessee,35.9901,-83.9622
5782,Ailis,Husher,Female,003,ahusher9u@census.gov,(806) 4196294,12216 Del Mar Drive,Amarillo,Texas,35.4015,-101.8951
5783,Lorne,Kimblen,I Do Not Wish to Answer,003,lkimblen9v@pagesperso-orange.fr,(530) 7931793,86 Mallard Drive,Sacramento,California,38.5568,-121.4929
5784,Kalle,Westphalen,Male,002,kwestphalen9w@oracle.com,(336) 6094149,83 Cambridge Way,Greensboro,North Carolina,36.0807,-80.0244
5785,Arnaldo,Milborn,Male,003,amilborn9x@thetimes.co.uk,,5164 West Place,Houston,Texas,29.6218,-95.4819
5786,Clo,Royle,Female,001,croyle9y@paypal.com,(626) 1174459,8 Ridgeview Center,Los Angeles,California,33.9909,-118.1532
5787,Cyndia,Simecek,Female,002,csimecek9z@usnews.com,(601) 8413103,32186 Cascade Point,Jackson,Mississippi,32.3113,-90.3972
5788,Gertie,Dell,Female,001,gdella0@umn.edu,(202) 8730211,4882 Cambridge Road,Bethesda,Maryland,38.9585,-77.1153
5789,Jasen,Craufurd,Male,002,jcraufurda1@wikispaces.com,(813) 8244539,4306 Canary Pass,Zephyrhills,Florida,28.2059,-82.3063
5790,Del,Finnan,Non-binary,003,dfinnana2@skyrock.com,(214) 1330630,692 Elgar Lane,Dallas,Texas,32.7673,-96.7776
5791,Isidora,Meletti,Female,004,imelettia3@instagram.com,(909) 1072116,9 Pankratz Junction,Pomona,California,33.7866,-118.2987
5792,Waylin,von Grollmann,Male,004,,(239) 3191632,217 Ronald Regan Junction,Naples,Florida,26.2626,-81.8071
5793,Giacomo,Casford,Male,004,gcasforda5@dell.com,,,Wilkes Barre,Pennsylvania,41.2044,-75.9113
5794,Julian,Jacquemet,Male,005,jjacquemeta6@ustream.tv,(240) 9012077,71 West Terrace,Bowie,Maryland,38.8336,-76.8777
5795,Holli,Van Arsdall,Female,001,,(334) 6554710,666 Sutteridge Street,Montgomery,Alabama,32.3834,-86.2434
5796,Sinclair,McVeighty,Male,004,smcveightya8@clickbank.net,(303) 9997158,,Arvada,Colorado,39.8422,-105.1097
5797,Eadie,Champagne,Female,001,echampagnea9@mysql.com,(760) 9848447,47097 Express Lane,Orange,California,33.7867,-117.8742
5798,Lawton,MacCurtain,Male,004,,(505) 3005394,74 Butterfield Road,Albuquerque,New Mexico,35.0549,-106.5461
5799,Heloise,Worden,Female,003,hwordenab@privacy.gov.au,,5 Clove Circle,Kansas City,Kansas,39.085,-94.6356
5800,Alva,Mahaddy,Male,002,amahaddyac@zimbio.com,(251) 7825087,,Mobile,Alabama,30.6589,-88.178
5801,Richie,Hurlin,Male,004,rhurlinad@nasa.gov,(602) 5510171,544 Bunting Junction,Phoenix,Arizona,33.2765,-112.1872
5802,Adelle,Polk,Female,003,apolkae@chicagotribune.com,(757) 2466666,37093 Sommers Plaza,Norfolk,Virginia,36.9312,-76.2397
5803,Jarad,Neggrini,Non-binary,005,,(712) 5162976,92 Steensland Plaza,Sioux City,Iowa,42.4011,-96.372
5804,Joelie,Capon,Non-binary,004,jcaponag@guardian.co.uk,,,Charlotte,North Carolina,35.26,-80.8042
5805,Yalonda,Gabriely,Female,004,ygabrielyah@wufoo.com,(310) 6731248,54 Prairie Rose Lane,Santa Monica,California,34.01,-118.4717
5806,Diane-marie,Dafydd,Female,002,ddafyddai@huffingtonpost.com,() 3072572,0 Hermina Lane,Pittsburgh,Pennsylvania,40.4344,-80.0248
5807,Mady,Bohlin,Female,004,mbohlinaj@nbcnews.com,(573) 5097978,811 Huxley Way,Columbia,Missouri,38.9033,-92.1022
5808,Chane,Sparrow,Non-binary,005,,(702) 6464270,456 Basil Drive,Henderson,Nevada,36.0119,-115.0433
5809,Drusilla,Skillanders,Female,005,dskillandersal@etsy.com,(502) 9104214,186 1st Street,Louisville,Kentucky,38.189,-85.6768
5810,Veda,Giddy,Female,004,vgiddyam@toplist.cz,(952) 4242025,2 Veith Way,Saint Paul,Minnesota,45.071,-92.9391
5811,Claudetta,Kleuer,Female,002,ckleueran@dailymail.co.uk,(773) 9005384,222 Buena Vista Court,Chicago,Illinois,41.993,-87.7596
5812,Elia,Tunn,Male,002,etunnao@parallels.com,(941) 9923236,2 Anzinger Pass,Seminole,Florida,27.8444,-82.7963
5813,Chlo,Dobney,Female,005,cdobneyap@g.co,(540) 9921498,037 Meadow Valley Hill,Fredericksburg,Virginia,38.3365,-77.4366
5814,Chelsy,Halls,Female,005,challsaq@icio.us,(360) 9836009,61 Susan Lane,Vancouver,Washington,45.6644,-122.5212
5815,Sande,Corbett,Female,003,scorbettar@bing.com,,9694 Muir Junction,Jamaica,New York,40.6914,-73.8061
5816,Mallissa,Flemming,Female,005,mflemmingas@slideshare.net,(406) 2954275,67724 Coolidge Trail,Billings,Montana,45.9497,-108.599
5817,Jobina,Hasted,Female,001,jhastedat@eepurl.com,(847) 7098652,879 Doe Crossing Terrace,Evanston,Illinois,42.0586,-87.6845
5818,Ingelbert,Mapstone,Male,001,imapstoneau@chronoengine.com,,777 Gale Terrace,Houston,Texas,29.834,-95.4342
5819,Travers,Hickisson,Male,001,,(702) 8305151,46684 Talisman Park,Las Vegas,Nevada,35.9279,-114.9721
5820,Latrina,Carey,Female,002,lcareyaw@nydailynews.com,(229) 5162507,4 Badeau Parkway,Albany,Georgia,31.55,-84.0612
5821,Alfie,de'-Ancy Willis,Female,002,adeancywillisax@networksolutions.com,(540) 8820466,869 Briar Crest Center,Roanoke,Virginia,37.2742,-79.9579
5822,Seward,Meriot,I Do Not Wish to Answer,001,smeriotay@va.gov,(512) 9444385,1193 Burning Wood Circle,Austin,Texas,30.4036,-97.7526
5823,Graig,Layman,Male,003,glaymanaz@squarespace.com,(310) 9183378,753 La Follette Road,Van Nuys,California,34.2006,-118.4868
5824,Shandie,Cordeau],Female,002,scordeaub0@nsw.gov.au,(915) 4362591,93 Ridge Oak Court,El Paso,Texas,31.6948,-106.3
5825,Sibyl,Kyles,Non-binary,005,skylesb1@github.com,(412) 7243894,25232 Fairfield Court,Pittsburgh,Pennsylvania,40.4344,-80.0248
5826,Crawford,Munks,Male,004,cmunksb2@foxnews.com,(202) 7468594,4 Clove Drive,Washington,District of Columbia,38.9,-77.0369
5827,Shane,Beceril,Female,003,sbecerilb3@bloglines.com,(727) 4857662,0 Shasta Road,Saint Petersburg,Florida,27.8918,-82.7248
5828,Carley,Elnough,Female,003,,(847) 1733085,6162 Talmadge Trail,Evanston,Illinois,42.0586,-87.6845
5829,Bjorn,Meiklem,Male,004,bmeiklemb5@walmart.com,,5 Erie Avenue,New York City,New York,40.7918,-73.9448
5830,Gorden,Milmith,Male,001,gmilmithb6@cisco.com,(813) 7832310,3759 Mandrake Lane,Tampa,Florida,27.872,-82.4388
5831,Mada,Paramore,Female,005,mparamoreb7@tmall.com,(336) 8870230,250 Red Cloud Road,Winston Salem,North Carolina,36.0275,-80.2073
5832,Butch,Royal,Male,002,,(513) 5625401,2753 Meadow Valley Pass,Cincinnati,Ohio,39.0706,-84.4179
5833,Ervin,O'Loinn,Male,001,eoloinnb9@gravatar.com,(707) 9045420,9222 Tennessee Road,Petaluma,California,38.4631,-122.99
5834,Sharleen,Driver,Female,001,sdriverba@networkadvertising.org,(786) 6302755,36273 Swallow Lane,Miami,Florida,25.7559,-80.2013
5835,Humphrey,Dugald,Male,001,hdugaldbb@harvard.edu,(571) 9792533,21644 Eagan Point,Merrifield,Virginia,38.8318,-77.2888
5836,Kelcy,Riccard,Female,003,kriccardbc@bloglovin.com,(202) 5350713,,Washington,District of Columbia,38.9164,-76.9948
5837,Domenico,Stailey,Non-binary,004,dstaileybd@thetimes.co.uk,(713) 2493896,74 Bunker Hill Center,Pasadena,Texas,29.6518,-95.1464
5838,Tye,Caret,Male,003,tcaretbe@bing.com,(314) 8885215,0500 Northwestern Drive,Saint Louis,Missouri,38.6383,-90.4271
5839,Tedmund,Treacy,Male,002,ttreacybf@tinyurl.com,(323) 2771501,51278 Carpenter Point,Glendale,California,34.1378,-118.2424
5840,Alfy,Fairbard,Male,001,afairbardbg@seattletimes.com,(813) 4609551,947 Butternut Trail,Tampa,Florida,28.0081,-82.5805
5841,Katrine,Roja,Female,001,krojabh@chronoengine.com,(713) 9267581,6383 Forest Run Drive,Houston,Texas,29.6889,-95.4341
5842,Helaina,Endersby,Female,005,hendersbybi@webnode.com,(407) 7488333,737 Bluestem Street,Orlando,Florida,28.3822,-81.569
5843,Arnie,Challoner,Male,002,achallonerbj@tinyurl.com,(937) 3069807,86176 Messerschmidt Junction,Dayton,Ohio,39.739,-84.0856
5844,Carmine,Davies,Male,001,cdaviesbk@omniture.com,(901) 7999046,6723 Hauk Street,Memphis,Tennessee,35.1334,-90.0046
5845,Dory,Richford,Male,001,drichfordbl@mapy.cz,(405) 8938132,16 Prairieview Pass,Oklahoma City,Oklahoma,35.4312,-97.4913
5846,Wynn,Craker,Male,005,wcrakerbm@youtube.com,(850) 2277634,99 Dwight Parkway,Pensacola,Florida,30.4481,-87.2589
5847,Catie,Mussett,Female,002,cmussettbn@netlog.com,(801) 8059714,79655 Knutson Trail,Sandy,Utah,40.5927,-111.831
5848,Clovis,Goneau,Female,004,cgoneaubo@godaddy.com,(843) 8409853,46076 Lawn Point,Charleston,South Carolina,32.8715,-79.9947
5849,Heindrick,Guinery,Male,002,hguinerybp@myspace.com,(202) 7601590,84789 Scoville Road,Washington,District of Columbia,38.8933,-77.0146
5850,Percy,Surplice,Male,003,psurplicebq@de.vu,(704) 5946659,147 John Wall Alley,Charlotte,North Carolina,35.2072,-80.9568
5851,Kearney,Andreaccio,I Do Not Wish to Answer,004,kandreacciobr@hubpages.com,(210) 4916943,8 Lakewood Gardens Lane,San Antonio,Texas,29.4375,-98.4616
5852,Parker,Millier,Male,003,pmillierbs@un.org,(562) 2355540,4106 Farragut Trail,Whittier,California,33.9413,-118.0356
5853,Katerina,Toffts,Female,004,ktofftsbt@wufoo.com,(520) 8925920,84583 Randy Drive,Tucson,Arizona,32.3366,-111.1771
5854,Efren,Rutherford,Male,005,erutherfordbu@discuz.net,(512) 1250118,3 Trailsway Drive,Austin,Texas,30.352,-97.7151
5855,Gwenora,Brands,Female,001,gbrandsbv@state.tx.us,(601) 8443049,5450 Marcy Junction,Jackson,Mississippi,32.3386,-90.1708
5856,Derron,Linggard,Male,004,,(609) 1431864,0701 Westerfield Road,Trenton,New Jersey,40.251,-74.7627
5857,Natale,Davidovitz,Male,003,ndavidovitzbx@skyrock.com,(812) 8904591,50063 Sugar Place,Evansville,Indiana,37.9971,-87.575
5858,Gardiner,Muehler,Male,001,gmuehlerby@ovh.net,(218) 6773550,70652 Bluejay Pass,Duluth,Minnesota,46.8147,-92.1998
5859,Denver,Riccione,Male,001,driccionebz@reverbnation.com,(682) 2403981,712 Sommers Point,Fort Worth,Texas,32.7714,-97.2915
5860,Tracee,Alliot,Female,001,talliotc0@state.gov,(515) 1137754,37290 Namekagon Lane,Des Moines,Iowa,41.6727,-93.5722
5861,Glynn,McGorman,Non-binary,002,gmcgormanc1@irs.gov,(719) 7625366,6 Sugar Trail,Colorado Springs,Colorado,38.8247,-104.562
5862,Marlyn,Attwoull,Non-binary,004,mattwoullc2@blog.com,(334) 6767369,78 Stoughton Park,Montgomery,Alabama,32.2334,-86.2085
5863,Cheri,Starsmeare,Female,002,cstarsmearec3@nhs.uk,(513) 4990967,3783 2nd Point,Cincinnati,Ohio,39.2663,-84.5221
5864,Freeland,Ianilli,Male,002,fianillic4@g.co,(913) 5531462,378 Farragut Trail,Shawnee Mission,Kansas,38.8999,-94.832
5865,Livvy,Guilaem,Female,002,lguilaemc5@vimeo.com,(559) 6121149,,Fresno,California,36.7464,-119.6397
5866,Hallie,Nickell,Female,004,hnickellc6@booking.com,(254) 1826539,730 Macpherson Crossing,Gatesville,Texas,31.3902,-97.7993
5867,Elisha,Rowlatt,Male,003,erowlattc7@dailymotion.com,(808) 2445506,9 Almo Lane,Honolulu,Hawaii,21.351,-157.8795
5868,Frieda,Brendish,Female,002,fbrendishc8@chronoengine.com,,1347 Forster Terrace,New Bedford,Massachusetts,41.6913,-70.9355
5869,Cazzie,Denty,Male,005,cdentyc9@home.pl,,45326 Corscot Pass,Saint Petersburg,Florida,27.7391,-82.6435
5870,Jordana,Wallbutton,Female,004,jwallbuttonca@google.fr,(916) 2709862,1 Everett Lane,Sacramento,California,38.6406,-121.444
5871,Burk,Rulton,Male,001,brultoncb@microsoft.com,(225) 7162040,5 Montana Crossing,Baton Rouge,Louisiana,30.3633,-91.0919
5872,Iris,Leband,Female,004,ilebandcc@sohu.com,(678) 3021100,54608 Glendale Place,Lawrenceville,Georgia,33.9367,-83.9573
5873,Augustin,Leathwood,Male,005,aleathwoodcd@accuweather.com,(816) 1991250,1613 Northwestern Park,Kansas City,Missouri,39.1042,-94.4923
5874,Gisele,Exrol,Non-binary,004,gexrolce@netlog.com,,49 Nobel Circle,San Antonio,Texas,29.4106,-98.4128
5875,Maura,Heamus,Female,004,mheamuscf@statcounter.com,(214) 7092794,182 Weeping Birch Drive,Dallas,Texas,32.6722,-96.7774
5876,Cordi,Wildin,Female,003,cwildincg@weather.com,(309) 1041013,76006 Pierstorff Junction,Carol Stream,Illinois,41.9166,-88.1208
5877,Maurizio,Gaytor,I Do Not Wish to Answer,002,mgaytorch@cloudflare.com,(256) 7928204,4 Nelson Alley,Huntsville,Alabama,34.7784,-86.6091
5878,Romola,Kells,Female,005,rkellsci@oracle.com,(502) 6851795,1330 Barby Crossing,Louisville,Kentucky,38.2149,-85.6245
5879,Lanni,Hambling,Female,001,lhamblingcj@altervista.org,(304) 8820016,836 Kim Lane,Charleston,West Virginia,38.354,-81.6394
5880,Lance,Vasilyonok,Non-binary,003,lvasilyonokck@tinypic.com,(763) 7613511,13874 Logan Alley,Minneapolis,Minnesota,44.8756,-93.2553
5881,Nicolai,Fenck,Male,005,nfenckcl@myspace.com,(505) 8217785,42 Clemons Junction,Las Cruces,New Mexico,32.3052,-106.7863
5882,Wilow,Sotheby,Female,005,wsothebycm@livejournal.com,(816) 5799861,14518 Algoma Alley,Kansas City,Missouri,38.9621,-94.5959
5883,Moreen,Burland,Female,004,mburlandcn@cdc.gov,,99603 Monterey Hill,Washington,District of Columbia,38.8932,-77.049
5884,Franzen,Somers,Male,003,fsomersco@discuz.net,(301) 5519079,2295 Karstens Terrace,Silver Spring,Maryland,39.0668,-76.9969
5885,Vale,Stowell,Female,002,vstowellcp@behance.net,(571) 5696808,28582 Lyons Circle,Dulles,Virginia,39.009,-77.4422
5886,Lionello,Cuzen,Male,003,lcuzencq@goodreads.com,(913) 7738361,9 Lyons Drive,Shawnee Mission,Kansas,38.8999,-94.832
5887,Zonda,Yoxen,Female,004,,(323) 8214384,70 Beilfuss Terrace,Los Angeles,California,33.7866,-118.2987
5888,Francis,Wisdom,Male,003,fwisdomcs@sciencedaily.com,(832) 9796755,701 Homewood Point,Houston,Texas,29.9335,-95.3981
5889,Kendricks,Blythe,Male,003,kblythect@msu.edu,(217) 7905610,262 Killdeer Way,Springfield,Illinois,39.7495,-89.606
5890,Abeu,Senechell,Male,005,asenechellcu@yellowpages.com,,4 Scoville Parkway,Syracuse,New York,43.0214,-76.1977
5891,Dorie,Ewing,Non-binary,004,dewingcv@bravesites.com,(718) 2625567,484 Hansons Road,New York City,New York,40.754,-73.9808
5892,Dode,Yegorovnin,Female,003,dyegorovnincw@purevolume.com,(410) 2488156,,Baltimore,Maryland,39.3093,-76.6699
5893,Bartolemo,Ricco,Male,001,briccocx@go.com,(208) 3964675,3281 Stang Parkway,Boise,Idaho,43.5345,-115.9711
5894,Sydney,Todari,Male,003,stodaricy@oracle.com,(336) 2402192,96324 Kipling Point,Winston Salem,North Carolina,36.0275,-80.2073
5895,Franciskus,Sever,Male,005,fsevercz@forbes.com,(718) 5570333,93 Forster Terrace,Brooklyn,New York,40.6628,-73.9546
5896,Johnnie,Woolpert,Male,002,jwoolpertd0@ask.com,(919) 2192265,5 Jay Pass,Durham,North Carolina,36.0218,-78.9478
5897,Kissee,Pozzi,Female,001,,(704) 2462660,217 Everett Avenue,Charlotte,North Carolina,35.2072,-80.9568
5898,Irina,Brearley,Female,002,ibrearleyd2@adobe.com,(267) 6824605,75 Ridgeview Trail,Philadelphia,Pennsylvania,40.0903,-75.041
5899,Rozamond,Beneix,Female,004,rbeneixd3@ameblo.jp,(312) 4485733,557 La Follette Alley,Chicago,Illinois,41.8756,-87.6378
5900,Herta,Behagg,Female,001,hbehaggd4@smugmug.com,(910) 2965151,83 Valley Edge Lane,Wilmington,North Carolina,34.0881,-77.8526
5901,Kerrill,Ivanchov,Female,003,kivanchovd5@sfgate.com,(712) 8286830,41 Donald Place,Omaha,Nebraska,41.2949,-96.0546
5902,Estele,Spiniello,Female,004,espiniellod6@instagram.com,(478) 9594674,43575 West Place,Macon,Georgia,32.8118,-83.565
5903,Coreen,Carlesi,Female,001,ccarlesid7@hugedomains.com,(713) 8141159,77 Oriole Parkway,Houston,Texas,29.834,-95.4342
5904,Zeb,Mannooch,I Do Not Wish to Answer,003,zmannoochd8@4shared.com,(813) 1054702,,Tampa,Florida,28.06,-82.4079
5905,Kearney,Faers,Male,004,kfaersd9@samsung.com,(512) 4948111,8 Eggendart Road,Austin,Texas,30.3264,-97.7713
5906,Magdaia,Hufton,Female,005,mhuftonda@china.com.cn,(516) 7435949,851 David Road,New Hyde Park,New York,40.7548,-73.6018
5907,Nev,Feathersby,Male,001,nfeathersbydb@hhs.gov,(314) 9279984,150 Marcy Trail,Saint Louis,Missouri,38.6531,-90.2435
5908,See,Dorbin,Male,005,sdorbindc@google.com,(913) 9903374,37959 Pearson Trail,Shawnee Mission,Kansas,38.8999,-94.832
5909,Cornelle,Alves,Female,005,calvesdd@disqus.com,(720) 1908558,52 Linden Avenue,Littleton,Colorado,39.5437,-104.9691
5910,Karlen,Tesimon,Female,003,ktesimonde@wikipedia.org,(916) 5288979,11 Jenna Circle,Sacramento,California,38.3774,-121.4444
5911,Kessia,Farr,Female,002,,(850) 3416208,669 School Trail,Pensacola,Florida,30.6143,-87.2758
5912,Elaine,Kersley,Female,004,,(720) 4663107,1742 Vermont Plaza,Denver,Colorado,39.7388,-104.4083
5913,Tamera,Horsey,Female,001,thorseydh@i2i.jp,,1 Mesta Pass,Tacoma,Washington,47.0662,-122.1132
5914,Barbie,Noulton,Female,002,bnoultondi@patch.com,(702) 1577966,8 Derek Street,Las Vegas,Nevada,36.086,-115.1471
5915,Ambrosio,Keavy,Male,002,akeavydj@twitter.com,(317) 8630855,9714 Daystar Trail,Indianapolis,Indiana,39.7851,-86.1595
5916,Donnajean,Patty,Female,004,dpattydk@cam.ac.uk,(713) 1792085,61 Washington Alley,Houston,Texas,29.834,-95.4342
5917,Jock,Goodswen,Male,004,jgoodswendl@rediff.com,(508) 4458559,0 Bartelt Street,New Bedford,Massachusetts,41.6913,-70.9355
5918,Carina,Balmann,Female,003,cbalmanndm@multiply.com,(202) 3131988,9322 Sundown Road,Washington,District of Columbia,38.8874,-77.0047
5919,Deborah,Fetherston,Female,004,dfetherstondn@tinypic.com,(404) 7921807,75 Kinsman Lane,Lawrenceville,Georgia,33.9367,-83.9573
5920,Garwood,Goor,Male,001,ggoordo@topsy.com,(727) 6619709,33588 Dryden Plaza,Saint Petersburg,Florida,27.7898,-82.7243
5921,Sibeal,Cambridge,Female,004,scambridgedp@sogou.com,(816) 8627444,09 Troy Parkway,Kansas City,Missouri,39.3432,-94.8516
5922,Claybourne,Aylmore,Male,004,caylmoredq@typepad.com,(770) 9149023,2524 Ruskin Junction,Atlanta,Georgia,33.723,-84.4702
5923,Inger,Hunnybun,Non-binary,002,ihunnybundr@seesaa.net,(727) 4804036,963 Anniversary Point,Saint Petersburg,Florida,27.8918,-82.7248
5924,Eyde,Nellies,Non-binary,004,enelliesds@vkontakte.ru,,04 Boyd Court,Naples,Florida,26.134,-81.7953
5925,Jean,Currao,Non-binary,003,jcurraodt@taobao.com,(334) 1414716,97 Prairie Rose Hill,Montgomery,Alabama,32.2334,-86.2085
5926,Geri,Lockwood,Female,005,,(405) 1372540,55 Walton Point,Oklahoma City,Oklahoma,35.5514,-97.4075
5927,Athene,Attryde,Female,002,aattrydedv@boston.com,(713) 4458429,6894 Birchwood Alley,Houston,Texas,29.834,-95.4342
5928,Ellwood,Arnoud,Male,005,earnouddw@joomla.org,(585) 6287109,403 Browning Park,Rochester,New York,43.286,-77.6843
5929,Grover,Dashper,Male,002,gdashperdx@dailymail.co.uk,(513) 3155818,18 Nancy Alley,Cincinnati,Ohio,39.1075,-84.5257
5930,Hogan,Sent,I Do Not Wish to Answer,001,hsentdy@furl.net,(502) 9493373,2 Hovde Park,Louisville,Kentucky,38.189,-85.6768
5931,Esther,Organ,Female,004,eorgandz@gov.uk,(336) 1289947,27 Straubel Park,Winston Salem,North Carolina,36.0275,-80.2073
5932,Beulah,Peggs,Female,005,bpeggse0@biblegateway.com,(334) 4321751,49 Montana Junction,Montgomery,Alabama,32.404,-86.2539
5933,Waldo,Pavlitschek,Non-binary,001,wpavlitscheke1@spiegel.de,(414) 1417871,5769 Kingsford Junction,Milwaukee,Wisconsin,43.0746,-88.0604
5934,Larine,Viegas,Female,002,lviegase2@gov.uk,(304) 9507900,739 Macpherson Circle,Charleston,West Virginia,38.2968,-81.5547
5935,Joyous,Billitteri,Female,001,jbillitterie3@unicef.org,(731) 9258067,99 Starling Court,Jackson,Tennessee,35.6124,-88.8412
5936,Belle,Coggill,Female,001,bcoggille4@narod.ru,(816) 3811331,2 Annamark Avenue,Kansas City,Missouri,39.035,-94.3567
5937,Keir,Domeny,Male,003,kdomenye5@cnet.com,(915) 4760020,5812 Muir Park,El Paso,Texas,31.7444,-106.2879
5938,Jenni,Alvis,Female,003,jalvise6@t-online.de,(814) 6913849,35 Carberry Pass,Erie,Pennsylvania,42.1109,-80.1534
5939,Allsun,Cardall,Female,004,acardalle7@hexun.com,(816) 9985425,,Kansas City,Missouri,39.2627,-94.697
5940,Elissa,Barcroft,Female,001,ebarcrofte8@google.co.uk,(323) 2398754,8 Dapin Center,Los Angeles,California,33.7866,-118.2987
5941,Kanya,Incogna,Female,004,kincognae9@purevolume.com,(619) 6162167,05 Holmberg Point,San Diego,California,33.0169,-116.846
5942,William,Raccio,Male,001,wraccioea@mac.com,,76456 Larry Drive,Fullerton,California,33.8994,-117.9063
5943,Jemmy,Robbey,Female,003,jrobbeyeb@techcrunch.com,(619) 9193327,30553 Lunder Lane,San Diego,California,32.8891,-117.1005
5944,Amye,Stoile,Female,002,,(320) 8152929,7583 Holmberg Street,Saint Cloud,Minnesota,45.5289,-94.5933
5945,Lin,Aguirrezabala,Female,002,laguirrezabalaed@histats.com,(843) 4067233,02 Ridgeview Hill,Myrtle Beach,South Carolina,33.7377,-78.9787
5946,Sutherland,Von Welden,Male,003,svonweldenee@google.cn,(253) 4427116,5080 Tomscot Point,Seattle,Washington,47.4511,-122.353
5947,Yehudit,Guinness,Male,005,yguinnessef@mayoclinic.com,(305) 5538116,93538 Rutledge Plaza,Miami,Florida,25.8507,-80.2366
5948,Ethan,Legges,Male,003,eleggeseg@liveinternet.ru,(571) 4193945,68 Welch Alley,Falls Church,Virginia,38.8318,-77.2888
5949,Bobbi,Ferneley,Female,002,bferneleyeh@utexas.edu,(719) 3891495,6432 Schmedeman Street,Colorado Springs,Colorado,38.8152,-104.7703
5950,Roda,Petyankin,Female,003,rpetyankinei@howstuffworks.com,(508) 9490304,5 Sycamore Alley,Brockton,Massachusetts,41.9705,-70.7014
5951,Timi,Kleynen,Female,001,tkleynenej@miitbeian.gov.cn,(818) 9201225,6380 Anniversary Road,Glendale,California,33.7866,-118.2987
5952,Nelly,Fernan,Female,003,nfernanek@samsung.com,(757) 8061363,13 Manitowish Lane,Suffolk,Virginia,36.8926,-76.5142
5953,Eugenia,Quye,Female,001,equyeel@instagram.com,(512) 4792410,03 Pleasure Avenue,Austin,Texas,30.3264,-97.7713
5954,Berry,Cockerill,Female,002,bcockerillem@hexun.com,(901) 2947547,5 Anderson Road,Memphis,Tennessee,35.2017,-89.9715
5955,Aubert,Maciejewski,Non-binary,001,amaciejewskien@spiegel.de,(812) 1882886,91 Village Trail,Evansville,Indiana,37.9971,-87.575
5956,Anetta,Markl,Female,002,amarkleo@elpais.com,(303) 8658992,27 Mesta Crossing,Denver,Colorado,39.6888,-105.156
5957,Ianthe,Dressel,Female,002,idresselep@msn.com,(859) 1133245,7418 Mifflin Place,Lexington,Kentucky,38.0283,-84.4715
5958,Dwight,Iwanczyk,Male,001,diwanczykeq@china.com.cn,(915) 9368316,2 3rd Crossing,El Paso,Texas,31.6948,-106.3
5959,Caddric,Benardeau,Male,002,cbenardeauer@disqus.com,(229) 6859636,25 Nancy Center,Albany,Georgia,31.55,-84.0612
5960,Saree,Carnegie,Female,003,,(212) 8736863,9 Portage Street,New York City,New York,40.7628,-73.9785
5961,Engelbert,Lett,I Do Not Wish to Answer,004,elettet@prweb.com,,,Detroit,Michigan,42.4098,-82.9441
5962,Henrie,Luff,Female,004,hluffeu@thetimes.co.uk,(786) 5183568,7007 Blaine Way,Miami,Florida,25.5584,-80.4582
5963,Dwight,Ableson,Male,003,dablesonev@icio.us,(520) 2351035,6940 Sycamore Lane,Tucson,Arizona,32.2691,-110.9845
5964,Constance,Northcott,Female,002,cnorthcottew@google.ca,,5 Corry Place,Winston Salem,North Carolina,36.0275,-80.2073
5965,Bette,Sambrok,Female,005,bsambrokex@e-recht24.de,(302) 9135152,075 Mcbride Terrace,Newark,Delaware,39.5645,-75.597
5966,Herb,Badgers,Male,001,hbadgersey@cbsnews.com,(646) 3016164,8666 Iowa Park,New York City,New York,40.7105,-74.0163
5967,Raymond,Ubank,Male,004,rubankez@zdnet.com,(334) 9062641,4 Delladonna Park,Montgomery,Alabama,32.404,-86.2539
5968,Tracie,Clayson,Male,001,tclaysonf0@meetup.com,(212) 9284986,8830 Sullivan Parkway,New York City,New York,40.7808,-73.9772
5969,Daisi,Wapol,Female,003,dwapolf1@weibo.com,(574) 4329529,355 Cardinal Point,South Bend,Indiana,41.5968,-86.293
5970,Fawn,Hansel,Female,004,fhanself2@qq.com,(754) 8874082,,Pompano Beach,Florida,26.1457,-80.4483
5971,Derron,Skein,Male,002,dskeinf3@seesaa.net,(512) 7165457,03 Sachs Center,Austin,Texas,30.2107,-97.9427
5972,Ginger,Crimin,Male,003,,(323) 1767562,10 Park Meadow Terrace,Los Angeles,California,34.0529,-118.2549
5973,Lamar,Chatteris,Male,005,lchatterisf5@webmd.com,(205) 8227708,108 Roxbury Way,Birmingham,Alabama,33.4951,-86.8059
5974,Granville,Jandourek,Male,001,gjandourekf6@salon.com,,9 Melody Court,Houston,Texas,29.834,-95.4342
5975,Jinny,De Simone,Female,004,jdesimonef7@xing.com,(225) 7046904,61868 Algoma Drive,Baton Rouge,Louisiana,30.5159,-91.0804
5976,Edan,Boshier,Male,001,eboshierf8@hatena.ne.jp,(208) 9206045,04620 Ryan Hill,Boise,Idaho,43.4599,-116.244
5977,Ewell,Levensky,Male,001,elevenskyf9@t-online.de,(405) 7179245,,Oklahoma City,Oklahoma,35.411,-97.4388
5978,Shae,Leander,Non-binary,005,sleanderfa@vistaprint.com,(915) 4694876,88 Waubesa Point,El Paso,Texas,31.7705,-106.5048
5979,Damiano,Dudmesh,Male,003,ddudmeshfb@tamu.edu,(410) 6239763,40 Manufacturers Lane,Baltimore,Maryland,39.2847,-76.6205
5980,Adele,Ransome,Female,005,aransomefc@youtu.be,(410) 4377567,621 Johnson Court,Ridgely,Maryland,38.8893,-75.8612
5981,Dwain,Massenhove,Male,001,dmassenhovefd@google.cn,(817) 6702709,3 Jana Plaza,Fort Worth,Texas,32.7714,-97.2915
5982,Erminie,Conville,Female,003,econvillefe@ycombinator.com,,224 Blaine Hill,Waco,Texas,31.5915,-97.0823
5983,Laure,Copplestone,Non-binary,001,lcopplestoneff@guardian.co.uk,,62716 Eggendart Parkway,Corpus Christi,Texas,27.8458,-97.596
5984,Loy,Chappel,Non-binary,005,lchappelfg@digg.com,(918) 8392679,3696 Schiller Parkway,Tulsa,Oklahoma,36.1499,-95.7923
5985,Elli,Nutton,I Do Not Wish to Answer,005,enuttonfh@si.edu,(813) 5157967,8964 Rutledge Terrace,Tampa,Florida,27.9671,-82.4334
5986,Aguste,Geillier,Male,002,ageillierfi@umich.edu,(916) 7599641,38773 Thierer Drive,Sacramento,California,38.3774,-121.4444
5987,Will,Pleuman,Male,003,wpleumanfj@independent.co.uk,(719) 2712099,03949 Aberg Way,Pueblo,Colorado,38.1286,-104.5523
5988,Guntar,Rutter,Male,002,grutterfk@bigcartel.com,(253) 7721864,56317 Hoepker Court,Tacoma,Washington,47.2484,-122.4644
5989,Lexi,Mitskevich,Female,004,lmitskevichfl@twitpic.com,(843) 7072968,23 School Park,Charleston,South Carolina,32.7976,-79.9493
5990,Lanny,Iacovo,Male,002,liacovofm@skype.com,(803) 6330315,8656 Hayes Crossing,Columbia,South Carolina,34.006,-80.9708
5991,Lenore,Molineaux,Female,003,lmolineauxfn@narod.ru,(559) 7634950,605 Hauk Plaza,Fresno,California,36.7464,-119.6397
5992,Buck,Cometson,Male,004,bcometsonfo@intel.com,(313) 3389994,86004 Fieldstone Circle,Detroit,Michigan,42.2399,-83.1508
5993,Cassie,Rosten,Non-binary,005,crostenfp@adobe.com,(405) 7284904,789 Declaration Circle,Oklahoma City,Oklahoma,35.4312,-97.4913
5994,Jemmie,Bohler,Female,004,jbohlerfq@joomla.org,(361) 5186061,0 Rusk Circle,Corpus Christi,Texas,27.777,-97.4632
5995,Hermina,McCloid,Female,003,hmccloidfr@businessinsider.com,(757) 1768890,67136 Heath Drive,Suffolk,Virginia,36.8926,-76.5142
5996,Melonie,Greenstead,Female,003,mgreensteadfs@globo.com,(304) 2316326,805 Dovetail Hill,Huntington,West Virginia,38.4096,-82.369
5997,Hillie,Hicks,Male,005,hhicksft@creativecommons.org,(314) 8523381,28 Armistice Circle,Saint Louis,Missouri,38.6531,-90.2435
5998,Gallagher,Mahaddie,Male,005,gmahaddiefu@xing.com,(786) 7876367,781 Dahle Avenue,Hialeah,Florida,25.9098,-80.3889
5999,Lindsy,Jamme,Non-binary,004,ljammefv@ft.com,(915) 8677598,2 Memorial Point,El Paso,Texas,31.6948,-106.3
6000,Jayson,Rising,Male,002,jrisingfw@netscape.com,(415) 1743937,42755 Walton Drive,San Francisco,California,37.7848,-122.7278
6001,Mariejeanne,Tassel,Female,003,mtasselfx@woothemes.com,(405) 7414820,7890 Nobel Court,Oklahoma City,Oklahoma,35.4312,-97.4913
6002,Aggy,McGreary,Female,001,amcgrearyfy@ustream.tv,(412) 3373544,565 Briar Crest Park,Mc Keesport,Pennsylvania,40.4344,-80.0248
6003,Jobye,Brunn,Female,003,jbrunnfz@salon.com,(504) 8980118,88406 Tomscot Parkway,New Orleans,Louisiana,30.033,-89.8826
6004,Leigh,Frude,Male,001,lfrudeg0@redcross.org,(713) 4278281,37 Melody Plaza,Houston,Texas,29.7543,-95.3609
6005,Bevin,Grenter,Male,002,bgrenterg1@istockphoto.com,(513) 9326623,3 Buell Trail,Cincinnati,Ohio,39.1092,-84.6108
6006,Carolina,Lailey,Female,005,claileyg2@state.tx.us,(502) 9269525,0 Lakewood Circle,Louisville,Kentucky,38.189,-85.6768
6007,Judye,Gouldie,Female,002,jgouldieg3@utexas.edu,,,Indianapolis,Indiana,39.7795,-86.1328
6008,Marc,Aldham,Male,002,,(615) 6780192,0300 Oneill Place,Nashville,Tennessee,36.0641,-86.7697
6009,Tallou,Eam,Female,003,teamg5@examiner.com,(513) 7785796,9 Waxwing Park,Cincinnati,Ohio,39.0706,-84.4179
6010,Ginger,Edlyn,Male,002,gedlyng6@etsy.com,(305) 8848504,988 Lunder Point,Miami,Florida,25.7341,-80.4068
6011,Waylon,Tooke,Male,002,wtookeg7@reddit.com,(217) 9308613,2329 Valley Edge Hill,Springfield,Illinois,39.778,-89.6466
6012,Chrystal,Clover,Female,002,ccloverg8@freewebs.com,(423) 1671939,15028 Arizona Avenue,Chattanooga,Tennessee,35.0018,-85.3138
6013,Heinrick,Calyton,Male,003,hcalytong9@cisco.com,(704) 8740297,78381 Kropf Hill,Charlotte,North Carolina,35.244,-80.7387
6014,Bartlett,Roddan,Male,001,broddanga@purevolume.com,(919) 3271527,4 Lawn Avenue,Raleigh,North Carolina,35.7977,-78.6253
6015,Haven,Stearn,Male,005,hstearngb@qq.com,(850) 4736300,44 Briar Crest Junction,Pensacola,Florida,30.6143,-87.2758
6016,Tait,Batting,I Do Not Wish to Answer,002,tbattinggc@bbc.co.uk,(812) 1324217,4006 Superior Park,Evansville,Indiana,38.1071,-87.5256
6017,Babara,Germann,Female,001,bgermanngd@va.gov,(303) 4020497,946 Green Ridge Circle,Aurora,Colorado,39.7467,-104.8384
6018,Brook,Fransoni,Male,002,bfransonige@vkontakte.ru,,71764 Gerald Hill,Palatine,Illinois,41.8119,-87.6873
6019,Aldwin,Yurinov,Male,005,,(478) 7684523,1634 Burning Wood Point,Macon,Georgia,32.8067,-83.6913
6020,Marya,Chomley,Non-binary,005,mchomleygg@friendfeed.com,(202) 7357204,08921 Pankratz Avenue,Washington,District of Columbia,38.8941,-77.0251
6021,Gerri,Burnsides,Female,003,,(209) 7591921,2287 Brickson Park Hill,Stockton,California,38.01,-121.3698
6022,Garrek,Rushmare,Male,003,grushmaregi@yahoo.com,(407) 9894494,658 South Crossing,Kissimmee,Florida,27.9953,-81.2593
6023,Emlen,Crosston,Male,003,ecrosstongj@theatlantic.com,(202) 4298091,66863 Golf View Hill,Washington,District of Columbia,38.8933,-77.0146
6024,Joscelin,Ralph,Female,005,jralphgk@mashable.com,(301) 9016188,15692 Pepper Wood Drive,Silver Spring,Maryland,38.9982,-77.0338
6025,Graig,Huelin,Non-binary,002,ghuelingl@simplemachines.org,,,Trenton,New Jersey,40.2805,-74.712
6026,Deva,Brechin,Female,003,dbrechingm@hubpages.com,(323) 9434736,07029 Toban Street,Los Angeles,California,33.9754,-118.417
6027,Kali,Blacksell,Female,003,kblacksellgn@posterous.com,(601) 9302056,0 Steensland Junction,Jackson,Mississippi,32.3113,-90.3972
